<?xml version="1.0" ?>
<hibernate-mapping xmlns="urn:nhibernate-mapping-2.2" default-lazy="false">

    <class 
		name="NHibernate.DomainModel.NHSpecific.Child, NHibernate.DomainModel"
		table="child"
	>
		<id name="Id" column="id">
			<generator class="assigned" />
		</id>
		
		<property name="FullName" type="String(45)" column="full_name" length="45"/>
		<property name="FavoriteDate" type="DateTime" column="favorite_date" />
		
		<many-to-one name="Sex" class="NHibernate.DomainModel.NHSpecific.SexType, NHibernate.DomainModel" column="sex_type_id"/>
		
		<map name="Parents" table="c_prnt" lazy="true">
			<key column="child_id" />
			<index column="which_parent" type="String" />
			<many-to-many column="parent_id" class="NHibernate.DomainModel.NHSpecific.Parent, NHibernate.DomainModel" />
		</map>
		
		<list name="Siblings" table="c_sibs" lazy="true">
			<key column="child_id" />
			<index column="which_sibling" />
			<many-to-many column="sibling_child_id" class="NHibernate.DomainModel.NHSpecific.Child, NHibernate.DomainModel" />
		</list>

		<!--
			This is not too acurate of real world situations because we can't have
			a link back and forth, maybe it is - if I think someone is my friend but
			they don't think I am their friend ;)
			
		-->
		<array name="Friends" table="c_frnds">
			<key column="child_id" />
			<index column="friend_index" />
			<many-to-many column="friend_id" class="NHibernate.DomainModel.NHSpecific.Child, NHibernate.DomainModel" />
		</array>
		
	</class>
</hibernate-mapping>
