﻿<?xml version="1.0" encoding="utf-8" ?> 
<hibernate-mapping xmlns="urn:nhibernate-mapping-2.2" default-lazy="false">
	<class name="NHibernate.DomainModel.NHSpecific.LLParent, NHibernate.DomainModel" 
		   table="LLParent">
        <id type="Int32" unsaved-value="0">
            <generator class="native"/>
        </id>
              
        <set name="Children" inverse="true" lazy="true" cascade="all">
           <key column="ParentId"/>
           <one-to-many class="NHibernate.DomainModel.NHSpecific.LLChild, NHibernate.DomainModel"/>
       </set>                     
       
        <set name="ChildrenNoAdd" inverse="true" lazy="true" cascade="all">
           <key column="ParentId"/>
           <one-to-many class="NHibernate.DomainModel.NHSpecific.LLChildNoAdd, NHibernate.DomainModel"/>
       </set>        
	</class>
	
	<class name="NHibernate.DomainModel.NHSpecific.LLChild, NHibernate.DomainModel" 
		   table="LLChild">
        <id type="Int32" column="Id">
            <generator class="native"/>
        </id>
           
        <many-to-one name="Parent" column="ParentId" not-null="true"
           class="NHibernate.DomainModel.NHSpecific.LLParent, NHibernate.DomainModel"
        />                
	</class>	
	
	<class name="NHibernate.DomainModel.NHSpecific.LLChildNoAdd, NHibernate.DomainModel" 
		   table="LLChildNoAdd">
        <id type="Int32" column="Id">
            <generator class="native"/>
        </id>
           
        <many-to-one name="Parent" column="ParentId" not-null="true"
           class="NHibernate.DomainModel.NHSpecific.LLParent, NHibernate.DomainModel"
        />                
	</class>		
</hibernate-mapping>
