<?xml version="1.0" encoding="UTF-8"?><?xml-stylesheet type='text/xsl' href='_UpgradeReport_Files/UpgradeReport.xslt'?><UpgradeLog>
<Properties><Property Name="Solution" Value="ICSharpCode.SharpZLib2008">
</Property><Property Name="Solution File" Value="D:\lib\dotnet\SharpZipLib_0860\ICSharpCode.SharpZLib2008.sln">
</Property><Property Name="Date" Value="Mittwoch, 29. September 2010">
</Property><Property Name="Time" Value="09:25">
</Property></Properties><Event ErrorLevel="1" Project="SharpZipLibTests" Source="tests\SharpZipLibTests.csproj" Description="Your project is targeting .NET Framework 2.0 or 3.0. If your project uses assemblies requiring a newer .NET Framework, your project will fail to build. You can change the .NET Framework version by clicking Properties on the project menu and then selecting a new version in the '.NET Framework' dropdown box. (In Visual Basic, this is located on the Compile tab by clicking the 'Advanced Compiler Options...' button.)">
</Event><Event ErrorLevel="0" Project="SharpZipLibTests" Source="tests\SharpZipLibTests.csproj" Description="Project converted successfully">
</Event><Event ErrorLevel="3" Project="SharpZipLibTests" Source="tests\SharpZipLibTests.csproj" Description="Converted">
</Event><Event ErrorLevel="1" Project="ICSharpCode.SharpZLib" Source="src\ICSharpCode.SharpZLib.csproj" Description="Your project is targeting .NET Framework 2.0 or 3.0. If your project uses assemblies requiring a newer .NET Framework, your project will fail to build. You can change the .NET Framework version by clicking Properties on the project menu and then selecting a new version in the '.NET Framework' dropdown box. (In Visual Basic, this is located on the Compile tab by clicking the 'Advanced Compiler Options...' button.)">
</Event><Event ErrorLevel="0" Project="ICSharpCode.SharpZLib" Source="src\ICSharpCode.SharpZLib.csproj" Description="Project converted successfully">
</Event><Event ErrorLevel="3" Project="ICSharpCode.SharpZLib" Source="src\ICSharpCode.SharpZLib.csproj" Description="Converted">
</Event><Event ErrorLevel="0" Project="" Source="ICSharpCode.SharpZLib2008.sln" Description="Solution converted successfully">
</Event><Event ErrorLevel="3" Project="" Source="ICSharpCode.SharpZLib2008.sln" Description="Converted">
</Event><Event ErrorLevel="0" Project="SharpZipLibTests" Source="tests\SharpZipLibTests.csproj" Description="Scan complete: Upgrade not required for project files.">
</Event><Event ErrorLevel="0" Project="ICSharpCode.SharpZLib" Source="src\ICSharpCode.SharpZLib.csproj" Description="Scan complete: Upgrade not required for project files.">
</Event></UpgradeLog>