<?xml version="1.0" ?>
<hibernate-mapping xmlns="urn:nhibernate-mapping-2.2" default-lazy="false">
	<class 
		name="NHibernate.DomainModel.One, NHibernate.DomainModel" 
		table="one"
	>
		<id 
			name="Key" 
			column="one_key"
			unsaved-value="0"
		>
			<generator class="native" />
		</id>
		<version name="V" />
		<property name="X" />
		<property 
			column="one_value" 
			name="Value" 
		/>
		<set 
			name="Manies" 
			inverse="true" 
			lazy="true"
		>
			<key column="one_key" />
			<one-to-many 
				class="NHibernate.DomainModel.Many, NHibernate.DomainModel" 
			/>
		</set>
	</class>
</hibernate-mapping>
