<?xml version="1.0"?>
<hibernate-mapping xmlns="urn:nhibernate-mapping-2.2" default-lazy="false">

	<import class="NHibernate.DomainModel.S, NHibernate.DomainModel" />

    <class name="NHibernate.DomainModel.Simple, NHibernate.DomainModel">
        <id type="Int64" column="id_" unsaved-value="0">
            <generator class="assigned"/>
        </id>
        <property name="Name"/>
        <property name="Address" type="String" length="200" column="address" />
        <property name="Count" column="count_" not-null="true" unique="true"/> 
        <property name="Date" column="date_"/>
        <property name="Pay" />
        <many-to-one name="Other" access="field.camelcase"/>
    </class>
    

</hibernate-mapping>